Age,Income,Gender,City,Churn
37.03552534591238,13234.788486494337,Male,New York,No
21.478768827753225,38189.13388055409,Female,Tokyo,No
18.779307271107918,21995.12780781337,Female,Paris,No
26.37113079350188,9061.61818106681,Male,New York,No
36.66756527023373,13826.10476352489,Male,Paris,No
26.55924075877427,22847.43892464543,Male,Paris,No
22.89527691196182,2697.28924226107,Female,Tokyo,No
24.94298551433215,9308.875082578686,Male,Paris,No
25.659511098066254,85302.64347901629,Other,Tokyo,No
25.004851708220414,74641.61902689509,Other,Tokyo,No
44.540838444012806,27891.662238829012,Male,Paris,No
27.643755815776537,3621.919881579678,Other,Paris,No
40.853502285664895,21081.384625795374,Male,Paris,No
50.10947675257896,7253.555929634366,Other,Paris,No
28.104951368974184,49638.20256753461,Male,Paris,No
26.920171356949602,15984.768580151413,Other,London,No
39.59700592726094,43435.834820453194,Other,New York,No
24.034937413030256,20350.857988167652,Female,London,No
45.01407375319795,6985.67039673499,Female,New York,No
28.138405781294903,19033.531186878226,Other,London,Yes
29.252631549834167,15004.586393683023,Female,London,Yes
20.105502075505544,51909.435399332884,Male,Paris,Yes
32.660589454975565,25541.2114587814,Male,Paris,No
17.31788251184182,24634.930615013498,Male,Paris,No
33.485796549038206,7422.740330659843,Other,Tokyo,No
22.1791421116405,7241.335371832042,Male,Tokyo,No
16.21441099896728,11680.421476715674,Female,London,No
38.46312213594071,52349.86760969065,Male,London,Yes
38.58275484671562,68371.00881876156,Female,London,Yes
12.238795616025616,33194.573861778896,Other,Tokyo,No
31.673820850924972,22542.728624116287,Female,Tokyo,No
29.39991084611725,17263.170991707524,Female,New York,No
11.06448517604074,60297.071698957436,Male,London,No
24.061994839736535,21818.687293045456,Male,New York,No
32.15955111368158,38136.29855621857,Other,Tokyo,No
31.89563786878005,6318.131863488195,Female,New York,No
26.688633291006386,20035.51443094984,Female,Tokyo,Yes
34.270092563195625,75436.41286382265,Other,Paris,No
21.74002344725789,99068.59578689413,Female,London,No
32.99372824345462,172088.0866389553,Female,New York,No
39.009999986791854,34601.77543131475,Male,London,No
28.305865126791286,4602.98823661078,Other,New York,No
26.928422637182763,7969.404012328178,Male,Tokyo,No
38.04675019185924,70157.5968146225,Female,Tokyo,No
36.731396730613326,12940.16211717293,Other,New York,Yes
46.55947713519279,14770.549509672255,Female,Paris,No
51.47912076840553,35530.87050338036,Other,New York,No
7.743874058747441,11710.780113409115,Female,New York,No
15.663242546450384,11241.003331523332,Male,New York,No
44.04877847794782,15631.879600074566,Other,London,No
34.22293871787886,7310.2127951125585,Female,Tokyo,No
26.693394320538392,11028.248645585842,Other,Paris,No
31.293961562111637,146401.17573470998,Male,London,No
33.31060571525684,418.899262106722,Male,New York,No
14.278284164311014,4455.008168610977,Female,New York,No
18.381590096604334,29995.02033098137,Other,New York,No
32.95994097539488,39752.07564815742,Female,New York,No
25.26577532216047,38394.1274321884,Male,London,No
15.058255239641209,54499.28326672492,Female,Tokyo,No
33.705547930602535,16156.241250956331,Female,Tokyo,Yes
31.68161237006294,8870.464313712222,Female,Paris,No
42.484867270672325,27623.41281653506,Female,Tokyo,No
33.01085812238504,40351.270076843786,Other,Paris,No
33.16057728721271,23861.522793874345,Male,London,No
25.31592525087939,24622.88160743986,Female,Tokyo,No
27.25004888297508,54267.78138839404,Other,London,No
10.513135827870212,4803.263914483002,Other,Paris,No
26.866449000690316,10764.050193735551,Other,Paris,No
12.412326033898772,62209.520489908966,Female,London,No
29.662984962249368,79546.72089796189,Other,Paris,No
25.42142830024798,46734.65542292751,Other,Tokyo,No
36.89143584660601,29774.844754907735,Male,New York,No
22.11389312909261,7349.183948848523,Female,London,Yes
54.36598377598054,57037.79891016049,Other,Tokyo,No
33.8493978040595,3852.8710234665514,Female,London,No
19.35413605435294,5834.78768810296,Male,Paris,No
35.30779996370461,27709.179177391838,Male,London,No
34.58248156867414,18619.380871048943,Other,Tokyo,Yes
34.665695926748576,13602.511642242378,Female,New York,No
30.705765287962258,9938.68687003059,Female,New York,No
22.917487914218686,21149.981637565143,Female,London,No
33.83092638402728,134486.83219663746,Female,London,No
46.954933410152705,58498.11420325393,Male,London,No
34.29941191921005,11812.290393096595,Other,Paris,No
52.843598782598136,8487.64124007979,Other,Tokyo,No
36.30085087609322,37314.36725277736,Female,New York,Yes
27.04301394531191,20936.82275224057,Other,Tokyo,No
36.51979771940964,75134.90206599249,Other,London,No
37.57806251672992,96350.56630525125,Other,New York,Yes
35.02744987857687,17099.050783078736,Male,New York,No
33.217281341707455,78234.92394473676,Other,London,No
15.435654742266042,36602.29418148464,Other,New York,No
37.60558548234205,26733.653106040012,Female,Tokyo,No
30.395418168013755,5761.070207493686,Male,New York,No
17.48213030342785,35237.076895584265,Male,Paris,No
36.26984596599478,210947.5832230471,Female,Tokyo,Yes
33.0169063896355,35999.4246636868,Female,London,No
31.968794648898108,36142.258022983486,Other,London,No
34.78750679652134,6638.648731362521,Female,Tokyo,No
20.783519869029753,53722.68091036081,Other,Tokyo,No
13.528842479185126,6372.607973071096,Female,London,No
27.031906776524284,27625.750747040533,Female,New York,No
33.435524109588776,3796.2097008644396,Other,London,Yes
33.280668094247275,6881.79600671702,Female,New York,No
26.36403113879881,7045.216028215501,Other,Paris,No
18.461443459330198,100220.2250747562,Female,New York,No
27.635174802048073,105339.58020390333,Other,Tokyo,No
16.413790274965955,6951.465162226227,Other,Tokyo,No
22.37014739547165,27195.15064274129,Male,Tokyo,Yes
36.82744081798003,53656.26286303756,Female,Tokyo,No
49.527292233597315,19846.645077625995,Female,London,Yes
40.862455294186326,5123.316494792907,Female,London,Yes
13.72971105064514,8833.797951639557,Female,Paris,No
60.97261926862491,34457.6039420018,Other,Tokyo,No
29.645096099271885,21447.440170343307,Female,Paris,No
29.617157619319585,16705.696882524488,Female,Paris,No
36.09417251243083,28443.543028122767,Male,New York,No
30.572896708040506,20166.517223799503,Female,Paris,No
19.624186429297335,13470.912317802791,Other,New York,Yes
15.866854804576258,63565.497128862655,Female,New York,No
18.55257602983165,14879.679960267378,Male,Paris,No
25.43794719889638,155947.71228580616,Male,New York,No
22.434345803365904,26440.351858819606,Female,Paris,No
23.727503085962837,14000.638957413657,Male,New York,No
27.485444612751234,12180.224306040298,Male,London,No
33.48919693497109,28725.992761242036,Male,Tokyo,No
44.3560170964346,6206.0208275766245,Other,Tokyo,No
30.87775238083737,10936.250538849732,Female,New York,No
15.709885582398282,5126.779387861312,Female,London,No
42.02110755767052,64884.53847236626,Male,Paris,Yes
25.433006555537244,30534.797958951247,Female,Tokyo,No
25.534714788348253,15784.99947880552,Other,London,No
30.33606111995946,84971.40233481282,Male,Tokyo,No
43.67794683851359,19794.607157565177,Other,New York,No
45.70638116681564,12041.59431576466,Male,London,No
39.32174178616482,45337.76063876034,Female,New York,Yes
49.84724277256461,17967.730545280858,Other,Paris,Yes
39.37855808664824,96646.19969616468,Female,Paris,Yes
16.247597711715006,20881.885850289716,Other,London,No
43.4280341689036,16375.126769675948,Other,London,No
23.710923882996305,22195.91720408985,Female,Tokyo,No
43.557363217590556,15710.717204846573,Female,London,Yes
34.247498054997656,35985.6664375547,Male,Paris,No
27.704170754184915,50511.69607506447,Other,London,No
36.554327890448725,23950.05545760993,Female,Paris,No
32.22813690772254,106908.64262101293,Male,Paris,No
32.547846643471395,17819.104386469102,Male,Paris,No
25.016714381122945,20384.027720350387,Female,London,No
32.53830632431271,18909.547463088773,Other,New York,No
46.033893821614015,41353.95273401367,Female,New York,No
26.04331948976914,10889.775494010377,Male,New York,Yes
27.634900679610666,29065.561483158875,Other,Paris,No
22.238287048658027,2872.6715447053634,Female,Tokyo,No
24.20777673315213,20506.1025183673,Other,Paris,Yes
32.88675085351341,27605.291244497286,Other,Paris,No
24.943873479374048,128065.16190157195,Female,Paris,No
19.61631142758175,43714.24135433758,Other,New York,No
38.08842644479997,497843.6719741187,Other,Paris,No
8.011427165261665,33045.37051902777,Male,Paris,No
48.03947308655258,86644.03140420957,Other,Paris,No
30.466520637364077,176635.91245562615,Male,New York,No
25.912879954557603,29929.70979100302,Female,Tokyo,No
36.3697676616967,255009.0349424683,Other,Paris,No
28.519994797039416,44556.3577538883,Female,New York,Yes
26.955498597781062,25306.235907053444,Male,Paris,Yes
42.61887296367031,7739.847381524365,Other,New York,Yes
16.18559038155138,23628.99475966306,Other,Tokyo,No
28.94807162364213,10983.009773308086,Female,Tokyo,No
23.73044465266482,17116.95857621402,Male,New York,Yes
35.21147168147243,5284.268463499944,Male,Tokyo,No
17.201294565191173,60271.03099124268,Male,London,No
23.176414480583766,30900.11845244855,Other,Paris,No
26.18367922308136,2792.455176872305,Female,Tokyo,No
11.594069200016651,40159.58711844385,Female,New York,Yes
43.95154232987241,86373.8796403481,Female,Paris,No
18.192193380123403,11590.702996099542,Female,Tokyo,No
42.70506023231256,20260.727906054173,Female,London,No
42.674706312224146,21080.47145087544,Female,London,No
48.35190546487175,20269.636803159057,Male,Tokyo,No
28.936889224322254,25002.003309775428,Female,New York,No
26.266754363810442,64975.35199111343,Male,Paris,No
26.328477544241192,9781.548818487918,Male,Paris,No
36.45599715926944,53871.20398225271,Female,New York,No
34.92088321415918,8635.203579753916,Female,Tokyo,No
9.054157720576551,23509.600071284345,Other,London,No
33.26446040935043,8106.437136248672,Other,Paris,Yes
23.113295945099704,10654.111696875987,Female,Paris,No
32.57304037543343,155883.94275999925,Male,Tokyo,No
30.93121947769188,9018.33107013842,Female,Paris,No
32.672499858886376,31427.825716352454,Male,New York,Yes
27.301035452590693,26026.170665610938,Male,Tokyo,No
20.605323426684386,65693.03327353968,Other,Tokyo,No
34.1651617757887,51407.19028992408,Male,New York,No
29.34827324792749,8651.086797193684,Male,Paris,No
34.006353159954536,14530.987685804219,Male,Paris,No
38.58226029355677,11168.592928856851,Female,Tokyo,No
28.02248060503127,13516.547734867874,Female,London,No
41.7972973068572,41142.690825028614,Female,Tokyo,Yes
41.226612839706625,34444.280162981326,Female,Tokyo,Yes
30.268536983660137,5236.102310087449,Male,New York,No
24.006532095313965,43809.626862923935,Other,Paris,Yes
30.577956323150765,22253.755663930937,Male,New York,Yes
3.5114254090806156,67506.27162659632,Female,Paris,No
21.554450748690996,40271.28047390238,Male,Tokyo,No
38.017849596470654,45183.356046460634,Male,Paris,No
24.77431253785944,21018.72868409851,Female,Paris,No
29.976674880871524,24107.347248217422,Male,Tokyo,Yes
16.191333735232334,88213.81398113469,Female,Tokyo,No
53.77095117432025,25800.991204882055,Other,London,No
35.03864747856624,6670.86285629117,Female,Paris,No
36.01298872129815,4868.197223015815,Female,Tokyo,No
25.6573386840872,3321.8553749863295,Male,London,No
26.42710381544754,20487.49196648181,Male,London,Yes
39.7193517889105,31643.77295889377,Male,London,No
26.508463988395278,11883.479596177873,Male,Paris,No
27.12205535213105,70440.02722657924,Male,Tokyo,No
13.386519824323532,5447.289346126844,Male,New York,No
23.92150970842369,4282.724434832025,Other,Tokyo,No
18.015402735256853,2491.84859060776,Female,London,No
18.60831742007251,43722.04275743775,Female,Paris,Yes
36.56165354560906,9101.869293573345,Other,Tokyo,Yes
37.90260736280384,3449.853376634419,Male,London,No
28.3171156949171,15717.452238794236,Male,Tokyo,Yes
34.47008196592643,52822.31162998362,Female,Tokyo,No
46.970355482636336,9601.173772037948,Female,New York,No
31.037792919653953,2788.402947957365,Male,New York,No
35.42513305694228,2182.6887445247926,Other,New York,No
16.98219791605598,42884.40756548105,Female,Paris,No
23.357043075119332,4236.408133697894,Other,Tokyo,Yes
12.413798401977854,34216.16089513789,Male,Paris,No
22.371618632820237,69607.21818902068,Other,London,No
20.48152234462472,54237.693948986525,Male,Paris,No
11.847041468836,18381.827771586726,Male,London,No
30.515745828550102,15511.948976996646,Other,London,No
25.391529280943733,7240.306541671312,Other,New York,No
24.477696739391963,16066.384722303592,Other,Paris,Yes
21.540228865785924,5242.602869939752,Male,London,No
15.59400243524066,8292.58913546904,Female,London,No
34.71318933538987,18666.333111224845,Other,Tokyo,Yes
43.35962767238835,73634.60336788754,Female,London,No
38.781689456522365,224688.83516306442,Other,London,No
34.297288913336516,46664.34541217953,Other,Paris,No
26.365252150294353,20066.591890259442,Female,New York,No
19.52828794198725,9490.440513766174,Female,London,No
19.9987545408816,28780.01609370812,Female,Tokyo,No
28.771337510951337,37489.69420706068,Female,London,No
28.46649810774857,99408.0796382963,Male,Paris,Yes
34.628090731164654,71659.13392416135,Female,Tokyo,No
41.397984403847154,10206.786600557296,Male,New York,No
30.394553973951364,21791.320272571546,Male,Paris,No
20.98498857522707,25021.56945279383,Other,Tokyo,No
36.117053641611896,12216.005557539122,Other,New York,Yes
32.0608749626632,18947.603394753456,Other,Paris,No
25.682313127914295,7771.304706871288,Male,New York,No
42.639120935419214,40467.08132597095,Male,New York,Yes
19.332670083613475,73173.7848316764,Female,London,No
34.83218127379573,12175.572107032593,Other,Paris,No
29.188782224885024,55880.79886878859,Other,New York,Yes
45.70132359071937,9682.450345116806,Male,Tokyo,Yes
47.45231166573848,8768.227550964062,Female,Paris,No
28.412042127841328,11458.899479472662,Female,Tokyo,No
32.861898665050546,18777.82902175752,Male,Paris,No
21.484823047155665,37565.839318254555,Male,London,No
22.99273937852074,21131.508293214392,Other,London,No
18.346008788698143,44826.109478593055,Male,Tokyo,Yes
20.259339568103023,7496.867219552118,Other,Tokyo,No
23.387065902201176,12141.518255386805,Male,Tokyo,No
32.11867860335019,9516.727883083811,Male,London,No
26.86343402112641,72036.01248234433,Male,Tokyo,Yes
34.67174829712851,126441.97260617981,Female,New York,No
31.35394462574072,184851.48453250696,Female,Paris,Yes
30.040663477618725,60064.43949008983,Female,London,Yes
24.483697260647673,40067.06481253601,Other,Paris,No
37.89904661236277,18963.13828975699,Other,London,No
37.13298114078892,40094.071829196706,Male,Tokyo,No
26.448405610826065,60638.52502901037,Other,New York,No
29.49514152732935,9244.0215048499,Male,New York,No
21.80979675410053,5063.549669179617,Other,Tokyo,Yes
12.410384567958147,11111.727510582445,Female,New York,No
19.795789440017867,9635.720001397096,Other,London,No
44.03464649177693,19127.30456426456,Male,Paris,No
23.913516952598215,14525.317867774078,Other,Paris,Yes
35.42421807324255,90640.6909667962,Other,London,No
23.206070564037645,52775.61887214311,Female,Tokyo,No
33.97603388080425,17592.625710990626,Other,Paris,No
42.55289423967436,2268.676735084322,Other,Paris,No
23.6262604145848,34651.29383395085,Male,Paris,Yes
29.687107343402303,55750.356011818745,Female,London,No
35.143731874873005,158576.1230363099,Other,Tokyo,No
38.5050609272186,10942.8325114643,Female,New York,No
40.39408683028178,7476.363506550108,Female,New York,No
15.940806333914054,13588.445092240234,Female,London,No
29.250682490440727,21213.97765396417,Male,Tokyo,Yes
26.40387222502985,4442.163195670674,Female,Paris,No
24.965977813120524,45921.336697786806,Other,New York,No
26.112527241770582,14854.384154436562,Female,New York,No
41.28428826030021,13097.291333389972,Female,Paris,No
48.37132867282028,68070.34766048002,Other,London,Yes
27.69807971554027,5077.637128816296,Female,New York,No
26.8809416287611,28798.220646830134,Other,London,Yes
21.43655849856112,33387.498032329735,Other,London,No
23.31485349209089,50001.2347196891,Male,Tokyo,No
31.24847136427828,38233.122859872616,Female,London,No
20.765397099789347,24603.663461430904,Other,Paris,Yes
35.27264395971307,88300.86059451175,Male,London,No
31.551014847119223,159221.90239275876,Female,New York,No
25.9679128006365,61285.28181432193,Male,London,No
26.906960613568728,35407.9069167933,Other,Paris,No
19.35298665401845,4761.462610740412,Female,London,Yes
34.548554940203076,4696.460168027311,Female,London,Yes
28.799814732530244,136279.56138375032,Female,Paris,No
32.71422324331938,29486.28786519552,Other,New York,No
32.064549892305564,51537.73463831251,Other,Tokyo,Yes
12.453355121265592,11424.022574967186,Other,London,No
17.43591368673638,92797.50183217609,Male,Paris,No
0.12742180784432122,131266.92834295263,Male,Paris,No
28.156694976655846,13298.273434343158,Male,London,No
38.04551718264289,35467.77425839844,Female,Paris,No
9.064412348488023,8490.267007525503,Female,London,No
33.54227304871858,4639.486715359957,Female,Tokyo,No
7.227412800377987,31700.685543859865,Other,London,No
41.20236191276035,11382.564953556519,Male,Paris,No
28.06929945580885,45173.757752849706,Male,London,No
32.20163693161143,12809.37523087122,Other,Paris,No
28.8008794942475,1655.0046510448933,Male,Tokyo,No
38.89731224491315,1843.0402011531185,Male,New York,No
32.0437400774514,49863.88495797621,Male,London,Yes
28.40855314171,29977.755093806034,Other,Paris,No
34.37526104749482,28652.10672249035,Other,New York,No
42.661902526983354,30962.791657359165,Male,Tokyo,No
19.685792864559655,23450.229066079086,Female,Paris,Yes
32.485155111121024,7213.592112653432,Female,New York,No
19.694920149086624,9285.369504366912,Female,London,No
38.28388628063358,31038.129971480124,Female,Paris,No
33.964208901030936,5224.629363122879,Other,Paris,Yes
38.27208989045643,58756.52041278736,Other,Paris,No
24.917755704933857,8137.170224238675,Female,Tokyo,No
31.226736596428676,17753.97519806191,Female,Tokyo,No
30.605627651265344,9666.875024022202,Male,New York,No
41.11984998970521,94558.05380895942,Female,New York,Yes
34.73232915567065,54726.44963414999,Other,London,Yes
26.73300991740809,4321.194491174476,Male,Tokyo,No
39.55139734558147,119806.48054569145,Male,London,No
0.022065367138356606,18819.059535082593,Male,Paris,No
39.332481196428155,25314.681674613283,Male,London,Yes
35.20052738714694,30593.913269776036,Female,London,Yes
16.39942363503419,30514.363678056612,Female,Paris,No
53.67560949546541,27538.576441816957,Other,Tokyo,No
26.862102009718406,28296.109635232646,Male,New York,No
38.569449574733554,71778.14046148935,Male,Paris,Yes
33.54764543804007,22984.878799268175,Female,Paris,No
13.65681420893307,7538.361036333029,Male,Paris,Yes
20.77280955294169,68195.47487118324,Other,New York,No
41.235019837127695,54031.909999152376,Female,New York,Yes
23.54194588338173,16142.808485877542,Male,New York,No
12.47829565436897,23565.43416179874,Other,New York,No
16.59927070602751,7604.8364299154755,Other,London,No
43.65495601207817,14530.256731396274,Male,Paris,Yes
23.565309462240258,16750.401692785792,Female,London,No
30.807048795739746,159833.28301943,Other,Paris,No
31.366846297547266,59535.52740880345,Male,Tokyo,No
23.377972468565805,18410.09490470475,Male,New York,No
23.814869484600063,15018.942498079734,Male,New York,No
28.269472762416328,230789.2652764284,Female,New York,No
33.622555374456105,6526.835288737285,Other,Paris,No
16.53138193547587,6643.670973915892,Other,Tokyo,Yes
30.41907853359044,14518.653668420826,Female,London,Yes
40.66721747712769,42119.1204718014,Female,Paris,No
25.22796864413362,16887.807544340158,Male,Tokyo,No
30.512298535701202,6549.083178254103,Male,Tokyo,No
15.600473514220003,9954.747538977135,Female,New York,Yes
33.64038712495353,44074.1558203219,Female,Tokyo,No
47.85972344073882,3446.6127514722093,Female,New York,No
30.39942956428288,33918.79613601516,Other,New York,No
27.517288998346796,38515.800658040724,Male,New York,No
33.80682715245961,11909.052692413463,Other,New York,No
26.984067620965693,35406.72952950753,Male,New York,No
40.39834507443075,15104.227310394368,Male,Tokyo,No
52.23400311951995,12512.565797280406,Male,Paris,No
35.91948592213671,17250.187614388007,Other,London,Yes
35.37022366740353,16334.519079913756,Male,New York,No
44.71184184846859,22224.63588377378,Male,Paris,No
39.7208850884064,29709.202431204234,Female,New York,No
39.81784896646491,8627.60934675203,Female,Tokyo,No
15.922025116683487,22694.502281675686,Other,Paris,No
40.206938136738614,62458.81906360947,Other,London,No
27.73514354880897,28111.886468266533,Other,Paris,No
32.43765214455857,4233.746560870594,Other,Paris,No
34.13311855428317,74424.60467719573,Other,New York,No
24.24036701553851,14396.785412248133,Male,Tokyo,No
38.875922920080725,18532.118872900708,Male,London,Yes
42.67041575487701,78694.36230404416,Male,New York,Yes
23.1867591741346,36142.6499299675,Other,Paris,Yes
46.06973434736231,57850.47995044966,Female,New York,No
46.951274449904076,11467.73358557392,Other,Tokyo,Yes
45.81494417410053,151482.6780544109,Female,London,No
39.23440988057886,42655.1147485598,Other,Paris,No
36.88326151858922,40840.044020131965,Male,Tokyo,No
40.70969468617534,52934.654813836045,Female,Tokyo,No
42.512117374967836,1910.908228194932,Other,Paris,No
21.557541024984303,17638.546358551805,Female,London,No
34.34990480185279,28044.016782357772,Male,Paris,No
31.9236551238885,102952.32822350177,Other,London,No
25.995186985234547,27826.819047249937,Male,London,No
29.522537860601787,43291.223698334805,Male,New York,Yes
38.09266903413105,83863.90211647465,Female,London,No
23.607579819971612,75890.2288435519,Female,London,No
40.53117951016958,58849.09587192122,Female,Paris,Yes
32.08907796842233,14839.046393535049,Male,New York,No
16.81185421242023,4599.722415737685,Male,Paris,No
42.20922483801415,3875.317682670061,Other,Paris,No
20.604317345629028,87615.80802806119,Other,New York,No
16.95260990398547,14102.641180026756,Other,Tokyo,No
30.564246790581755,3841.815978818094,Other,Paris,No
30.649503104064465,14721.941842899874,Female,Tokyo,No
16.56776884899309,30734.289847941665,Female,Paris,No
29.99989285509553,5776.378935574671,Male,New York,No
46.859186695718975,42088.66271423802,Male,London,Yes
29.47828100634668,11347.646359037688,Other,Tokyo,Yes
28.758379595152135,6654.028150725643,Female,New York,No
19.390602646970116,18959.71139117321,Female,London,Yes
21.46033856797029,52594.41972769436,Male,New York,No
20.015933829495886,13315.21107839933,Male,Paris,No
37.379376001719706,27165.274999803994,Female,London,Yes
26.309418587470738,43078.71166597311,Male,London,No
29.082625660105577,23501.717912836128,Male,Paris,No
40.134918634909084,6751.229737751059,Female,London,No
41.3210212682592,9835.626954719892,Male,Tokyo,No
13.634091217675138,26532.825965330117,Other,New York,Yes
27.281938532578923,38202.242585978966,Female,New York,No
40.66047827268261,27698.186245668177,Male,London,No
35.015851799638895,19182.89140812921,Female,London,Yes
25.129626000999345,24344.292186455437,Other,Paris,No
29.263203032018378,46341.2260385145,Male,London,No
39.268193641552706,31978.122654933897,Female,Paris,No
42.464021910361765,82440.28685960888,Female,London,Yes
38.003294241606326,5702.752142589949,Other,Tokyo,No
26.60752618449088,9942.040863965995,Male,Tokyo,Yes
34.97873138789491,14276.143091920441,Other,Paris,No
15.328255306745744,41241.5816625237,Other,London,No
28.63108984953658,120761.12798042413,Male,London,No
25.780746431726676,37971.2972990844,Other,New York,Yes
40.61136444703419,12369.053528193363,Female,New York,No
44.83136414935121,28482.632937782168,Male,New York,Yes
35.749533722417986,19067.137533545654,Female,Tokyo,No
31.195693661625207,12802.785857418381,Male,London,Yes
20.807877422628543,17885.33363188916,Male,Paris,No
37.355407319351634,130815.71535892252,Female,New York,No
48.17234445927387,6491.8800424550645,Male,New York,No
19.238792218914895,6963.983321645664,Male,London,No
30.36640827934504,13058.46191639537,Male,New York,No
43.910124470017124,4833.075265594588,Male,Tokyo,No
25.86915243533728,3471.5824913080874,Male,London,No
43.570222808990636,13994.209271129725,Female,Paris,Yes
32.52606852843364,21099.91622246845,Other,Tokyo,No
37.34871045712913,29565.326886861414,Male,Tokyo,No
36.6856704047095,9383.444982434738,Female,Tokyo,No
34.54438367535181,135700.11120724995,Other,New York,No
45.14624713716551,20332.767490145194,Female,New York,No
42.78781400200367,63827.11075230079,Female,Paris,No
13.568273145347625,15967.407561238071,Female,New York,No
41.53646391537217,70139.57188507351,Female,Tokyo,No
39.21985302837387,15882.055155265834,Male,Paris,Yes
30.7641970588904,11374.164744547523,Male,London,Yes
13.184524266736194,15032.463070394233,Other,Paris,No
30.281982186428728,78517.1980981192,Other,New York,No
28.530768507182337,122220.72213626615,Female,New York,No
24.989828366252357,8495.62776586093,Other,Paris,Yes
38.56391215082154,39242.90949822297,Male,London,No
30.621535250549286,24107.646391769635,Female,New York,No
38.9831868607891,26328.4919895666,Male,Paris,No
33.04973791263968,9229.18280069156,Female,New York,No
27.042190217671326,2093.07731081528,Female,Paris,No
16.869670602741714,21198.506925121186,Other,New York,No
24.435679094376674,6891.839414917733,Other,New York,No
26.17744513204041,27433.116134752956,Male,Paris,Yes
41.71322305441925,29607.553779618152,Other,New York,No
34.47755172649126,15937.8448036805,Male,London,Yes
40.92645096782465,55370.512921945665,Male,London,No
14.110443329816372,2365.615658561283,Female,London,No
30.099113093158962,111040.77982424844,Other,New York,Yes
20.992084757070707,82512.95677596905,Other,New York,No
41.9524689547539,32136.078420005404,Other,Tokyo,No
20.260234002809458,11843.096304040679,Other,London,No
38.2764780225734,48167.23866865717,Male,Paris,No
35.05209292481126,60575.641808325185,Other,New York,No
43.65314828597705,18564.533035346078,Female,New York,No
26.04297457931842,15935.752086863371,Female,London,No
29.511183193292403,2065.1337637050447,Other,Paris,No
44.45294314656118,23407.195806538937,Other,London,Yes
33.158547520307394,21887.51259569932,Other,Paris,No
20.452765304618833,2247.7819438764695,Male,New York,Yes
36.62526399954601,7793.670306532907,Other,Tokyo,No
40.416398730719195,32788.60699182999,Female,Paris,No
14.651901178070483,26475.85384135633,Other,Paris,No
15.217498401496641,34139.061075479825,Other,London,No
42.42356773683332,21812.318494378032,Male,London,No
5.729576369457469,19943.564142032596,Other,London,No
10.372213130646692,24970.178814198975,Male,New York,Yes
25.110635587023268,3741.2364784025503,Other,Paris,No
20.237959844181567,2842.595567357705,Male,Tokyo,No
45.1511563128615,51306.84907204806,Male,London,No
34.93708172237111,57932.890256580235,Female,Tokyo,No
44.929747680024875,54278.519451647204,Male,Tokyo,Yes
36.4965484812807,8545.669664712288,Female,Paris,Yes
23.92278509734647,12881.982971021413,Other,New York,No
18.632359966294455,59383.95447476885,Other,Paris,Yes
43.821333374379904,12415.59859958523,Male,New York,No
17.345919624061704,15058.867154501968,Female,London,No
21.178836849899106,55877.94138563977,Female,Tokyo,No
12.756933395085113,8322.572941848544,Male,New York,No
26.408119594248134,9744.054911887291,Female,London,Yes
30.968992588429302,82100.84781058237,Male,New York,No
43.06463112262725,17258.535729696196,Female,New York,Yes
22.623438244974686,13675.272087360301,Female,New York,No
23.30679849851913,12168.804798017716,Other,London,No
27.058986974660634,46610.68347574853,Other,New York,No
26.821046292972234,373938.62557576376,Other,New York,No
33.5527273017749,23964.22796796167,Other,Paris,No
39.43528176754637,11337.44730014696,Male,Paris,No
36.36308039901387,8524.739545098444,Male,London,No
10.804875521930374,10406.00119438654,Female,London,No
29.580233426031516,39601.75204154191,Female,London,Yes
28.32999809469043,16990.09591910735,Female,New York,No
16.691217505335395,17937.0988250874,Male,Tokyo,No
38.36633111052328,156275.9258319145,Other,Tokyo,No
29.160062096248115,52959.54727748179,Male,London,No
24.98418522940731,17415.84028917796,Other,London,No
33.04560158370096,6093.721265739988,Other,New York,No
44.079571870529406,57932.019709016284,Female,New York,No
8.618082920339933,13545.827011676136,Female,New York,No
19.552696548832344,4856.227813303323,Other,New York,No
23.085587922273373,11801.068458843853,Other,Tokyo,No
20.96053962620155,50940.70846236152,Other,New York,No
12.839932747995647,20572.988277527475,Male,London,No
31.276454712739355,46251.248973075904,Male,Paris,No
10.045265684472692,12600.699940393215,Female,New York,No
15.425215632213476,15619.544532388913,Other,New York,No
33.48242990668648,63873.08482651848,Male,Paris,No
20.383156036304904,41000.80132377185,Male,New York,No
12.376845271210481,42193.96689725443,Female,New York,Yes
14.604900367156382,1948.732757951811,Male,London,Yes
42.905444724543585,71549.7381464538,Male,Paris,Yes
24.974268315644572,44126.1888339416,Male,Tokyo,No
43.28376447616552,46891.9215560889,Female,Tokyo,No
41.15929788379458,37613.89738542343,Female,New York,No
25.70010235631107,20906.06303643113,Female,London,No
40.85959395884812,25681.88635590547,Male,London,Yes
19.711254676274052,39194.99607942209,Other,New York,No
27.166797442088008,187268.80111413315,Male,New York,No
38.628121182362015,22399.90892541631,Female,Paris,Yes
23.603881792529798,18125.482016532093,Other,New York,Yes
23.040106712691426,14139.969790593286,Other,Tokyo,No
28.792551440081024,11057.03922573531,Other,Tokyo,No
40.943554348614825,24062.167564274532,Male,Tokyo,No
21.452925776486605,21938.621088530683,Female,Tokyo,No
40.49310796876261,7026.373797784511,Male,Paris,No
27.24390137707626,7810.171952084201,Female,New York,No
28.26969107605675,15933.422798277377,Male,London,No
28.636096527699998,11109.01496135313,Male,New York,No
20.146067859084425,13017.311426871154,Female,London,No
11.204841728438566,80261.98433571479,Female,Tokyo,No
41.098765661332024,108965.33396220306,Other,Paris,No
41.242024116914756,3239.2079217570276,Other,Tokyo,No
16.84474366257021,9893.83342667748,Female,Paris,No
31.384750051845153,25355.048594282613,Other,Tokyo,No
13.499675194439352,8362.169051975809,Male,Tokyo,No
13.983095242415647,65286.87773557703,Male,London,Yes
24.864034669866975,16947.22421893592,Female,London,No
34.480868778043,25406.13857114078,Other,New York,No
49.069900406701166,8537.626532048149,Male,London,No
19.608288026806896,13491.225598654111,Female,London,Yes
28.085880215277395,3681.3073251264145,Male,New York,No
23.398393399298413,2571.096009697861,Male,Paris,No
24.813727314433336,32733.08521462617,Male,Paris,No
43.217185244136594,5951.197832130168,Other,Paris,No
18.9316973143943,34196.58833023186,Male,London,No
32.843979371205705,4506.131348074268,Male,London,No
33.62949846580158,36445.79750252564,Male,New York,No
24.99882467736964,114501.04912305251,Other,Paris,No
27.814543158349853,18386.299416669302,Other,London,Yes
14.892095991988619,8413.243242445162,Male,Paris,No
24.712866597465485,40582.86499779778,Other,London,No
17.017152390257664,3572.522605755921,Other,New York,No
28.478787025989377,13438.590162725312,Male,London,No
34.6833405071553,40386.527725107786,Female,Tokyo,No
50.788407109733576,19621.36166034057,Other,Paris,No
30.81263708800429,51899.28129163385,Male,New York,No
38.09217370042474,41190.683396205626,Female,Paris,No
45.27462327796175,87739.3024519186,Male,Tokyo,Yes
32.43261501031088,37499.440605147014,Other,Paris,No
27.077684967342268,5336.561532084126,Male,Tokyo,No
35.39602178925967,31089.72881284457,Male,London,No
17.232615378800162,25438.5393510775,Female,Paris,No
25.57462329539311,16676.670341493267,Other,New York,No
29.807642482728106,35899.04401958206,Male,Tokyo,No
15.329576115401405,19948.321256610754,Male,London,Yes
39.69985803818069,149261.1969299288,Female,London,Yes
16.10818144256954,16772.272553640207,Other,London,Yes
-3.3905390723951854,10513.319607036925,Male,Paris,No
17.489617673533743,11548.61753498174,Male,New York,No
32.74828735746303,65273.7426426987,Male,Paris,Yes
35.207924772048756,2880.5151035886574,Other,London,No
31.3023491931151,75785.69050798616,Male,London,No
35.814179694345334,7701.012828761792,Female,Paris,No
50.709679692071326,25027.362740005916,Female,London,No
26.303069523676527,5680.204921064092,Male,Tokyo,No
2.1736599572353725,20183.810498115705,Other,Tokyo,No
36.42197482874039,24167.86641660195,Female,Tokyo,No
24.419555171912393,7370.283552251151,Other,Tokyo,No
40.64518852367161,44106.46480776619,Female,New York,No
33.756588047062095,7947.745142211295,Female,New York,No
31.623459891838454,7715.243050841948,Female,Paris,No
19.288814253035085,11408.34091658968,Male,New York,No
29.521269690448793,34593.49219854797,Female,Paris,No
38.972206607835275,5480.44069020083,Male,Tokyo,Yes
21.609866244079868,13782.757459561706,Other,Paris,No
40.31642184269089,11257.794252107358,Male,London,No
27.63160581647854,212529.609594989,Other,Tokyo,No
7.230610605623973,102139.74275221232,Other,Paris,No
33.34999961728661,9009.906638226166,Other,New York,No
38.76169236742271,12313.5720780961,Female,New York,No
32.70200847974005,22581.5924972308,Female,Paris,Yes
36.334982638455585,21132.005706279073,Other,Paris,No
18.84214619862615,96647.02710785586,Female,New York,Yes
21.49138489092976,933.2692619487507,Female,London,No
32.612019592871704,2121.100996954317,Other,Paris,No
42.0365114672295,29157.051920740567,Female,New York,No
33.641214047802876,20311.449912721873,Other,London,No
17.69970853791115,32140.981439171937,Female,London,No
16.387991516108286,39782.64247786503,Other,London,Yes
37.41469073448141,36084.23184771891,Other,London,No
18.722817071938337,47940.54688275577,Female,Tokyo,No
51.93319795872919,14799.371304820146,Female,London,No
44.23325551697868,124568.53266306702,Other,New York,No
34.5777010022781,5348.620808972258,Other,London,No
35.62599700193053,13621.908714689456,Other,London,No
18.66386049103555,12120.601903440645,Male,London,No
48.943536894962,49253.1777860918,Female,Tokyo,No
31.976588336796436,41097.75097627876,Other,Paris,No
21.911349351689402,3627.7284850836463,Male,Tokyo,No
17.239875080790405,7216.3813054154125,Female,New York,No
42.04785386006904,39929.22732766029,Female,New York,No
21.554646442575102,14707.290872710006,Other,Paris,No
36.56398973798595,10748.503065953522,Other,Tokyo,No
39.9766841736582,67803.34583656033,Female,Paris,No
23.07762799938074,16584.974654733163,Female,New York,No
35.36826445307597,7129.0165477697155,Female,New York,Yes
15.862825063546973,97168.3623679417,Other,London,No
37.017176750870675,42640.172751248574,Other,New York,No
28.12712040004332,41838.801038088415,Female,New York,No
35.273035838961164,22341.013742990308,Male,Tokyo,No
31.5600898877839,57678.786374376,Male,London,No
39.89854228465307,23289.244081075107,Other,New York,No
28.18246376138889,17605.153654792437,Female,New York,No
28.64830224219127,2445.751621026497,Female,New York,No
23.609652892835655,108302.76252172532,Other,Paris,No
30.548549132460323,52482.65294710668,Male,Paris,No
36.6896952402907,12537.772408189343,Female,New York,No
36.684348994234014,42114.62780497882,Female,London,Yes
35.04099241393434,61950.123484186886,Male,Paris,Yes
36.55518485775491,7301.712630796712,Female,New York,No
20.865594970401723,59225.100553882665,Other,Paris,No
35.41829375568294,10832.256490739983,Other,Paris,No
23.057805496990504,8911.164447710675,Male,Paris,No
-1.7499144547288914,22444.50548876367,Male,Tokyo,No
16.377421136442337,6188.60656203694,Male,New York,No
39.071921067494024,32161.60079321582,Female,New York,No
22.31628725152216,12382.987926925585,Female,Paris,No
29.5341731783647,8226.283706731736,Other,London,No
23.901837181371455,9631.18155552108,Female,New York,No
26.395983724980596,21659.593718257634,Male,Tokyo,No
51.10399374972049,34036.13115688539,Female,Paris,No
37.20246675907817,5454.724203960717,Female,Paris,No
27.412241555942728,9324.556715454017,Other,Paris,No
29.10296619159597,54845.06513352212,Female,London,Yes
13.75125026586823,65163.50899879237,Male,New York,No
39.703994340729544,3726.2446201194093,Male,London,No
33.94744754641995,128538.5258293144,Other,Paris,No
28.971877364052446,15703.335959757751,Male,Paris,No
47.56883742279039,69786.07976103616,Other,Tokyo,No
24.34264969680813,6397.699241341457,Female,New York,Yes
30.43472901492931,10939.971383519336,Other,London,No
48.530878123415135,18910.10321503673,Female,Paris,No
14.144623273194878,72754.637344967,Other,Tokyo,Yes
44.15364539089421,37078.469649916246,Female,London,Yes
34.433476399751854,94117.87252691766,Other,Paris,Yes
39.77249896129393,63107.68569668983,Other,Paris,No
19.929290769886947,40232.41577330097,Male,Tokyo,Yes
30.66868829729126,142186.15253645857,Female,New York,No
23.37858898536359,35732.72055837875,Male,New York,No
9.751200246325805,16804.852468498575,Female,Tokyo,No
20.34683941829428,21118.810657661546,Other,London,No
28.632068763934225,83091.96187489793,Male,Tokyo,No
31.72434330811099,15853.11263000739,Female,Tokyo,No
38.2760204610142,9369.242762395266,Female,Tokyo,No
18.648976968169798,16830.867292789582,Female,London,No
39.945495074064674,22997.349881190505,Other,New York,No
39.57910762602697,13951.862415916888,Other,Tokyo,No
31.643753414378235,11700.72905010742,Other,Tokyo,Yes
32.179902599482865,103320.40779274085,Male,London,No
21.724543110682305,3538.5225208076804,Other,New York,No
30.316474687460204,57255.96062230267,Male,London,No
30.172475333022604,38347.89263993295,Male,New York,No
28.465077273879523,4916.926217580363,Male,Paris,No
24.891131385301627,38697.646891073004,Female,Paris,No
37.30203835717957,23266.39218253549,Male,London,No
21.05709612355715,62250.67717248591,Female,Paris,No
14.07170948523371,8879.047385589887,Male,Tokyo,No
30.373483751212444,22563.307458896932,Female,New York,Yes
39.170332633980856,65127.39028738392,Male,Paris,No
29.63008270795703,32052.25928403575,Male,Paris,No
22.43682559088729,61462.85035632513,Female,Tokyo,No
15.31008598291936,8096.500712683091,Male,London,No
25.92605962317741,62549.21561025783,Male,London,No
20.981447448965,10017.805232615889,Male,Tokyo,No
40.68670131245925,69106.98859624399,Female,London,No
36.21741994371153,6332.085727525853,Male,Tokyo,Yes
18.550763737640025,115569.72960522656,Other,London,No
11.481867675783441,25524.894799867907,Other,London,No
16.302300379292745,8940.644589599686,Other,New York,No
19.443937874920696,24718.939082741497,Female,Paris,No
28.97002734266711,27253.644887330694,Female,New York,No
12.604140401827358,10387.222394529961,Other,Tokyo,No
40.64917328380531,59338.5879788656,Male,Tokyo,No
21.115106466540393,86130.2756232849,Female,London,No
32.0910561655691,81151.59189544187,Female,London,Yes
47.43224066572251,19118.021681697704,Female,New York,No
36.388727077153035,23506.185389325754,Male,Tokyo,No
37.314979492856686,12537.527977284457,Male,London,Yes
44.478619047780434,143311.87451355948,Female,Tokyo,Yes
25.897411997397406,9172.765691598031,Other,Tokyo,Yes
30.654943762980338,55614.38033023915,Other,London,Yes
20.44490227422775,71382.59310520292,Male,Tokyo,Yes
24.210106685258786,70843.8721064652,Female,Paris,Yes
21.105734970706465,17755.984768053022,Female,Tokyo,No
41.127896579088436,12508.634796171764,Other,London,No
19.16221032386827,10329.885909403936,Female,London,No
31.04927351856522,7953.45457179028,Female,New York,No
28.77573161838513,41676.29334880586,Other,London,Yes
36.147761247222526,40872.46977790989,Other,Paris,No
45.066040097656995,3772.936561026513,Other,Tokyo,No
40.36254529593913,50975.34133633654,Female,Paris,No
24.240202592827536,4043.8991464843975,Female,London,No
15.491870402933328,60270.03996686129,Male,Tokyo,No
38.36459076490453,10946.522763686391,Female,Paris,No
12.064336270352523,15961.270721117337,Male,Paris,No
25.31487835061951,46902.10018996647,Other,Paris,No
20.622317693389373,11329.742301797318,Other,Paris,Yes
32.63848610049635,16183.243066533434,Female,London,No
23.18484860625361,6104.904178868791,Male,Paris,No
27.387947437650052,61559.586726523594,Female,Paris,Yes
24.796485964138707,40774.2068257366,Other,Tokyo,Yes
41.289230411034104,8769.495700078573,Other,London,No
40.881730421012975,15747.872094052245,Female,Paris,No
41.27656595588416,62579.57538372537,Other,London,No
33.329344969891594,61809.66893915135,Male,New York,No
13.07578484815377,10607.163731109382,Male,Paris,Yes
26.739743126267555,1965.1229242664187,Female,Tokyo,No
26.163896000921735,48242.76878418179,Other,Paris,No
19.379154497371538,43628.6643201453,Male,New York,No
32.02716536159128,33797.88683780469,Female,London,Yes
38.03663279845895,20090.165550431342,Female,New York,No
30.624274711673415,20747.88920107117,Other,Paris,No
28.46478291438749,26743.54379766398,Male,Tokyo,No
14.188295486371224,96680.87204643988,Male,London,Yes
29.133651099661744,13760.460040131955,Other,London,No
25.404186932889708,13159.174236826977,Male,Paris,No
23.914555660488922,65442.23894724786,Male,London,Yes
18.32647116493551,18856.901511019372,Female,London,No
9.46552147841566,26232.458435846336,Female,Tokyo,Yes
35.11971073536898,12270.475726312572,Other,London,No
9.671276892211893,10240.715226067647,Female,London,No
46.511542907956375,22948.852672605786,Other,New York,No
38.674476907321726,78869.58600939294,Other,London,No
27.12641344306443,10532.95085535679,Other,Tokyo,No
34.453114845473415,67116.7129566587,Female,New York,No
33.985558722058315,15780.565805878516,Female,London,No
28.93673940750691,5574.820316789776,Male,New York,Yes
19.34603628484251,21327.521454167952,Female,Paris,Yes
30.004973306077943,8737.32663360293,Female,New York,No
29.756730980330286,4451.755161746531,Male,New York,Yes
25.446784709545504,50992.096100566356,Female,Paris,No
27.068910175013187,10518.068445980483,Female,London,No
41.7620728970666,33105.70272457082,Female,Tokyo,No
29.03198833827809,116215.10371333384,Female,Tokyo,No
20.460761461353854,16584.784615386998,Male,London,No
46.315638470963634,14763.71792734675,Other,Tokyo,No
32.80063833389856,3413.6475098813817,Male,New York,No
36.2992708892099,29781.49419502366,Female,Paris,No
19.425414418613713,81727.17671797266,Female,New York,No
30.03030664203415,95894.9615177277,Female,London,Yes
29.374373013341145,8706.248593935674,Other,London,Yes
29.863495433800672,16246.867867805062,Male,New York,No
33.33459251334179,3712.112857947094,Male,London,No
27.571542520604062,42226.16336965767,Female,London,No
41.03560726138673,14265.453092952004,Female,Tokyo,Yes
37.194708590709304,13708.249619107306,Male,Tokyo,No
16.30568184737818,23933.229775899148,Male,Tokyo,No
17.253169101353315,47707.45971234145,Male,New York,No
16.10073422471737,109414.70748062953,Female,London,No
46.06174138463917,25973.261085977403,Male,Tokyo,No
23.18775833072297,10665.624151296113,Male,London,No
8.63880566526835,7737.6115579486905,Female,Tokyo,No
31.54020395521183,44754.02976730163,Other,New York,Yes
34.82341315880471,7556.821436724542,Other,London,No
29.75937957062916,13443.533051141048,Male,New York,No
17.80352781494971,256605.54729139435,Female,Tokyo,No
30.186527452959012,14766.780623281398,Male,London,No
35.71788233236211,5891.980641050323,Male,New York,No
35.16458809689489,39649.28047576123,Female,London,No
33.6514149967022,27653.915750588563,Male,Tokyo,No
31.10532273816627,60920.88952190797,Female,New York,No
43.864310334342335,72257.6589866332,Female,New York,No
19.94552485217393,28514.22816646412,Male,New York,No
28.79112972931028,109406.14997558594,Other,Tokyo,No
29.341865512534095,42475.41388462609,Male,Tokyo,No
37.77886659105363,4074.1990890801476,Female,Paris,No
18.430091077143278,96032.9283296485,Other,Tokyo,No
30.738972039596582,10548.018276832152,Female,Tokyo,No
23.69525275349409,67122.85411969759,Male,London,No
25.12822624811457,22070.75724913388,Other,New York,No
27.621549023034394,32593.12805776564,Male,Paris,No
37.73420810220489,13652.344340234522,Female,London,No
32.06626825193949,18677.638224340597,Other,New York,Yes
36.83200825249888,26546.740929211122,Other,Paris,No
21.935925493099916,28557.324809630652,Other,London,No
33.4724769190196,122750.4522355891,Female,London,No
20.60908086390508,59084.60139165798,Other,Paris,No
46.864842775972065,4866.05229388079,Other,Tokyo,No
39.73058113171198,36882.02071746446,Female,New York,Yes
28.525681389521946,56716.8798367305,Other,Paris,No
39.32943572690301,18560.69690738151,Female,Paris,No
21.545085538199835,7611.576416380224,Male,Paris,No
18.030396140464575,43911.37447076586,Male,New York,Yes
47.342179405172395,50071.87978900094,Female,Tokyo,Yes
5.63587452617606,68985.45223740189,Male,London,Yes
1.9297828939937567,62195.057556333624,Other,New York,Yes
40.879129868819675,11413.963892734731,Male,Paris,Yes
38.86497134291749,10526.241468902745,Male,London,No
23.154397322939957,49597.81782565454,Other,London,Yes
38.718192800734585,14777.30182929546,Male,London,No
39.2630191412208,68210.36592666931,Female,London,No
28.834099185469878,7901.651276297766,Female,Paris,No
42.932134753783245,10906.150305515055,Male,Paris,No
31.824140449459144,43754.043178708904,Female,Paris,No
32.5254834233011,37470.78006396156,Other,New York,No
23.647317453113576,68504.01280466815,Male,New York,No
25.757814788322907,73759.83151227653,Other,New York,No
28.548723456652752,24895.149979066184,Other,Paris,No
38.44259203625319,32806.2705571998,Female,Tokyo,No
15.569481544062977,12456.388386732819,Male,London,No
35.822588444554945,7806.367199635685,Other,New York,No
31.410769448590592,11209.977266612135,Male,New York,No
21.322996831367234,36641.44120938926,Female,Paris,Yes
24.778735038411753,126840.11018448872,Other,Tokyo,No
28.982023029931508,14699.979329612746,Male,New York,Yes
25.962738008605633,38071.26510129488,Male,Tokyo,No
36.13838373711794,19091.363088881466,Female,New York,No
28.18603510461021,35899.41827361072,Female,London,No
36.20399263407397,120657.21059583744,Other,New York,Yes
1.69349546924024,52389.58355991627,Male,Tokyo,Yes
21.978714548382253,11785.69541556207,Male,Paris,No
34.483526180864274,9493.758981575767,Male,New York,No
35.29627269468161,37647.249779116624,Other,Paris,No
16.729347561599347,14635.364051421086,Other,Tokyo,Yes
53.96891339752436,13557.241760327113,Other,Tokyo,No
25.954627066123724,116407.56125049283,Other,London,Yes
28.84565429095498,15008.032673534586,Female,Paris,No
24.671467221197624,20582.822386122847,Female,Tokyo,Yes
33.82752012926273,8604.130087168754,Female,New York,Yes
24.926589451041394,14254.325428220664,Female,New York,No
24.74230673549616,13459.007762839357,Other,London,No
13.3121706880566,22312.15234983375,Female,New York,Yes
25.258560899069806,2415.460656903279,Male,New York,Yes
33.18998459066513,17571.615800944375,Male,New York,Yes
22.383488721502378,3885.5809402522545,Female,London,No
17.92946116464027,6282.227432803252,Female,London,No
45.778628671173905,127083.25437549272,Male,London,No
27.965895153033774,13400.526272832763,Other,London,No
29.385785244998985,53058.801496264765,Other,London,No
42.01698990424589,95348.8096946934,Other,Tokyo,No
31.9293938822581,89647.67127262593,Female,New York,No
28.841047731351722,6127.6598036208725,Female,London,Yes
40.724568768249455,74700.18351322146,Female,London,No
22.786133393475094,57854.32984091252,Other,Paris,No
38.04514869468083,60359.33514000468,Male,New York,No
36.38970891845347,15441.321150977015,Other,New York,No
34.91186184949544,9616.035595390007,Female,New York,Yes
37.37909880085334,40199.33940471124,Other,London,Yes
41.588669640238464,45052.456447329874,Male,Tokyo,No
30.400854645418267,166957.06488775183,Female,Paris,No
47.79228475339922,12113.272098196774,Male,Tokyo,Yes
35.02680956865437,112978.78580729943,Male,Tokyo,No
28.08439330520987,4768.991408675949,Other,Paris,No
37.38165063958666,9462.771940611168,Female,Tokyo,No
25.223460807866314,44723.74897922354,Male,London,No
32.95427429039386,6846.933618818993,Female,Tokyo,No
17.51458537587787,24942.456289501748,Other,Tokyo,No
29.511250764912834,12292.63125485759,Male,New York,No
25.47340072946771,7371.305537300655,Female,Paris,No
22.877187889950008,44194.10436732952,Male,London,No
19.769720451869688,15036.32992518959,Female,London,No
26.655894932002077,7763.884732652788,Female,New York,No
18.606959946668326,6891.788897917978,Female,London,No
20.389309144407108,3688.076759089032,Female,London,No
36.2677501355777,7673.362834885934,Other,New York,No
36.5900582858694,18023.950436642062,Other,New York,No
20.627319909714515,107117.5117560415,Female,New York,No
42.75102710166608,26241.464497777237,Other,London,No
32.5664214941885,7957.939971984089,Female,New York,No
8.06917493276687,29231.253008447824,Other,Tokyo,No
14.887009990126154,26689.419630431097,Male,London,No
33.340144178845875,17090.60871648432,Male,Paris,No
24.05197804433111,31276.834680818243,Female,Tokyo,No
25.146609420281724,111566.53137880778,Female,Tokyo,Yes
15.097410773401922,11849.952283529785,Female,Tokyo,No
18.22105063142577,32881.47739351557,Male,London,No
10.390913330867463,10331.844487254746,Male,Paris,No
21.350703049809212,13335.406738701195,Female,Tokyo,No
30.572162136655546,116602.31482183065,Female,Paris,No
53.633167275822515,42801.090062513766,Female,Paris,No
24.671341905393994,9989.594590815319,Female,Paris,No
19.80252879774851,39830.40793275326,Other,New York,No
27.429763998314073,11947.16313239188,Female,London,Yes
37.872149971985436,8372.187669483146,Male,Tokyo,No
1.5142832539384976,19670.362698364253,Female,New York,No
51.08718954900026,31457.830628502812,Female,London,No
25.37588043583584,15670.26114499458,Male,London,Yes
26.287099934251803,198092.8075615075,Male,Tokyo,No
22.58314099352952,8159.0058218978365,Male,Tokyo,Yes
19.371937562472578,136348.26507911552,Male,London,Yes
36.6269296216578,95344.40935972062,Female,Tokyo,No
19.29892955897523,12388.22474375008,Female,London,No
32.52772002791351,21567.451033331523,Other,New York,No
-0.23437184408098588,26023.316004047996,Female,London,No
33.55448374872823,544585.9292511693,Male,Tokyo,No
30.849817667990333,23643.006934696074,Male,Tokyo,No
28.481596515670265,75113.73575692969,Other,New York,Yes
47.763013775160985,7324.830188386902,Other,New York,No
37.846092243055075,136081.3091991801,Other,London,No
19.334628309451432,34250.458102364064,Other,Paris,No
36.16117588310812,11898.874807443368,Other,London,Yes
23.20000871625014,19481.82256373865,Male,New York,No
35.088291845764836,6762.8067281304375,Male,London,No
45.92139390122286,14538.938218886895,Female,London,No
27.580343400941896,205020.65855935062,Male,New York,Yes
37.12472940040189,12355.623938594936,Female,London,No
31.923556684175537,8496.225950260763,Female,Tokyo,Yes
24.076244282649476,9253.010484698461,Other,London,No
21.66534455926378,2836.2078407475587,Other,Tokyo,Yes
15.128974887449635,32961.88245701553,Female,Tokyo,No
27.092730509377848,32381.08096452723,Male,Paris,No
27.16952504439093,13939.2745597283,Male,Paris,No
30.772200783545905,9819.249877123282,Male,London,No
19.579913090676975,10320.163301405577,Male,London,Yes
32.9189798263494,18025.903955788628,Male,London,No
24.538115204402345,44314.86511661296,Female,London,No
32.8229398193708,53872.38807287313,Other,London,No
28.664798710344186,5295.925970881645,Female,Tokyo,No
32.267761840733606,16623.92657667463,Female,Tokyo,No
26.479974681156698,27407.756422662267,Male,Tokyo,No
38.31365043476316,8320.83555358154,Female,Paris,No
43.95171898214787,7952.494811471672,Female,New York,No
25.067278596149915,7167.4824025777125,Female,Tokyo,Yes
18.22190660512757,11932.7193244479,Other,Paris,No
46.84879625253501,54554.148173747715,Male,Paris,No
20.46023921010248,9390.55071256712,Female,Tokyo,No
18.371009825654845,20434.757883182905,Male,Paris,No
16.34142338820478,11557.783124903282,Male,New York,No
17.59775251928108,41929.9883817647,Other,New York,No
21.110867795448165,196063.11428838063,Female,London,No
25.536813168960414,21312.351679505355,Other,London,No
24.59719888631639,44294.924436414774,Male,Tokyo,No
19.798176345855783,30156.163250055833,Male,Tokyo,No
11.02553169981051,11918.73147305816,Male,London,Yes
36.546544919739915,10694.026733151677,Other,Paris,No
41.763857157264724,13238.930203334565,Other,Paris,No
25.510073037420398,21507.800987839077,Other,New York,No
22.762732014408588,90969.43133935313,Male,London,No
35.057072092370845,3665.9441764082735,Male,Paris,No
26.658439387749485,34226.51669314452,Female,New York,No
23.65523685312013,26359.36305978445,Female,Tokyo,No
34.58311420182372,19926.21079673859,Female,New York,No
47.80937090307885,70609.88529818755,Female,London,No
38.44391526785907,23629.348808019015,Other,Paris,No
27.910920934454165,8257.773250279242,Male,Tokyo,No
24.304442444324735,21336.220453124606,Male,Tokyo,No
24.092545014377947,76473.77092976365,Male,Tokyo,No
44.92404245783013,42816.70783507035,Other,London,Yes
23.88160282509169,17150.047818943072,Female,London,No
29.762765998545312,11097.830648018293,Female,London,No
41.60730377763107,86974.30175818542,Male,New York,Yes
25.84371246111735,51973.94049985137,Male,Paris,No
24.861671310753884,22366.235113211216,Female,Tokyo,No
43.82404773889046,46453.08160991175,Female,New York,Yes
19.105278513740615,16636.230915419197,Female,London,No
31.057859446309987,32361.907954463444,Male,Tokyo,No
42.35583659432136,2215.3442142796603,Female,Tokyo,No
31.457055704315295,16989.306931603176,Other,Tokyo,No
